{
    "loss": 3.2491748332977295,
    "accuracy": 0.6470588445663452
}