{
    "loss": 0.6384700536727905,
    "accuracy": 0.7156862616539001
}